City,Temperature,Condition,Humidity,Wind
Mumbai,30.01,haze,74,4.63
Delhi,34.03,haze,52,3.09
Bengaluru,28.11,scattered clouds,60,7.72
Chennai,35.41,scattered clouds,57,5.14
Hyderabad,31.16,scattered clouds,55,4.63
Kolkata,32.97,haze,75,5.14
Ahmedabad,34.01,smoke,55,2.06
Pune,30.61,broken clouds,59,6.05
New Delhi,34.07,haze,52,3.09
Surat,31.9,haze,70,5.14
Ranchi,31.97,haze,55,2.06
Raipur,35.08,scattered clouds,52,4.63
Bhubaneswar,32.91,haze,62,4.12
Bhopal,31.68,overcast clouds,67,0.89
Puducherry,33.55,overcast clouds,52,6.11
Patna,38.98,haze,53,2.57
Lucknow,30.99,broken clouds,74,6.69
Kanpur,40.7,broken clouds,28,2.43
Jaipur,33.64,haze,55,3.6
Dehradun,32.32,overcast clouds,45,1.18
Chandigarh,40.24,scattered clouds,23,3.01
Thiruvananthapuram,25.95,drizzle,89,4.12
Srinagar,27.76,broken clouds,38,3.42
Amritsar,42.93,few clouds,28,2.57
Shimla,25.69,broken clouds,39,3.35
Solapur,31.36,broken clouds,54,6.37
Shillong,21.26,moderate rain,96,1.6
Salem,31.12,scattered clouds,74,2.57
Rourkela,34.42,overcast clouds,48,2.83
Rajkot,26.92,overcast clouds,74,5.24
Bhiwandi,29.97,moderate rain,65,3.96
Bhilai,35.01,overcast clouds,49,3.37
Bhavnagar,32.9,scattered clouds,66,2.06
Belagavi,25.02,broken clouds,88,6.69
Bareilly,42.83,broken clouds,24,2.76
Aurangabad,29.99,haze,84,2.06
Port Blair,27.84,moderate rain,89,1.54
Panjim,28.88,broken clouds,79,5.66
Nellore,36.27,overcast clouds,34,7.28
Nashik,27.87,overcast clouds,75,4.97
Nanded,35.08,broken clouds,59,2.06
Nagpur,33.99,haze,66,3.09
Mysuru,26.0,scattered clouds,69,5.66
Meerut,39.76,broken clouds,30,2.4
Mangaluru,27.51,broken clouds,89,5.14
Madurai,29.97,broken clouds,66,5.14
Ludhiana,45.0,scattered clouds,14,1.46
Kozhikode,27.56,overcast clouds,84,3.52
Kota,38.33,scattered clouds,36,4.81
Kohima,21.28,light rain,97,0.63
Jalandhar,45.26,clear sky,11,2.16
Jodhpur,35.8,overcast clouds,36,2.46
Jamshedpur,37.9,haze,39,2.06
Jammu,40.41,clear sky,11,4.45
Jalgaon,34.07,broken clouds,52,3.91
Jabalpur,36.47,scattered clouds,46,2.57
Indore,32.1,scattered clouds,58,4.12
Imphal,27.96,scattered clouds,83,3.6
Howrah,32.97,haze,75,5.14
Kalaburagi,31.45,broken clouds,49,6.7
Gorakhpur,40.97,broken clouds,30,3.41
Guwahati,31.96,thunderstorm,89,1.54
Gandhinagar,33.99,smoke,55,2.06
Faridabad,34.16,scattered clouds,29,4.86
Erode,29.59,overcast clouds,61,7.89
Durgapur,35.93,haze,49,4.12
Dhanbad,38.01,overcast clouds,34,2.08
Cuttack,33.1,overcast clouds,50,6.72
Coimbatore,26.85,broken clouds,83,7.2
Kochi,25.99,overcast clouds,81,5.06
Warangal,32.95,overcast clouds,52,1.57
Visakhapatnam,33.06,haze,70,5.14
Vijayawada,35.95,scattered clouds,49,4.63
Varanasi,28.99,heavy intensity rain,32,3.41
Vadodara,33.96,scattered clouds,59,1.03
Ujjain,35.22,scattered clouds,42,1.2
Tirupur,27.6,overcast clouds,69,10.2
Tirunelveli,32.9,overcast clouds,60,4.83
Tiruchirappalli,34.03,broken clouds,59,6.17
Thāne,29.9,light rain,74,4.63
Alwar,41.47,broken clouds,26,2.01
Prayagraj,39.17,overcast clouds,33,1.29
Aligarh,40.22,broken clouds,30,2.29
Ajmer,34.01,overcast clouds,41,0.66
Aizawl,26.47,broken clouds,79,0.0
Agra,39.4,overcast clouds,32,2.28
Agartala,33.01,mist,79,3.6
Navi Mumbai,29.97,haze,74,4.63
Sivakasi,31.88,overcast clouds,49,5.97
Silchar,28.65,overcast clouds,91,2.53
Shivamogga,24.35,overcast clouds,75,6.22
Siliguri,29.41,overcast clouds,84,1.7
Secunderabad,30.79,scattered clouds,55,2.57
Sambalpur,34.29,broken clouds,47,2.23
Saharsa,38.02,overcast clouds,39,2.52
Roorkee,33.82,broken clouds,47,6.54
Rohtak,41.17,broken clouds,25,1.44
Rewa,38.02,broken clouds,35,4.56
Rajahmundry,36.05,scattered clouds,59,2.06
Raigarh,35.19,broken clouds,44,2.72
Kollam,27.37,light rain,83,6.09
Bulandshahr,40.08,broken clouds,30,1.32
Budaun,42.71,broken clouds,23,1.34
Brahmapur,31.75,broken clouds,62,6.03
Bikaner,44.32,scattered clouds,13,2.11
Bijapur,28.31,overcast clouds,64,6.95
Bidar,30.74,broken clouds,50,5.6
Bhuj,27.59,overcast clouds,87,11.14
Bathinda,44.81,clear sky,13,2.71
Bharatpur,40.56,light rain,30,5.68
Bettiah,40.53,broken clouds,31,1.72
Ballari,28.8,overcast clouds,54,10.65
Begusarai,39.63,overcast clouds,33,1.89
Balasore,33.3,broken clouds,62,6.64
Baharampur,36.71,overcast clouds,43,6.24
Ayodhya,40.44,broken clouds,30,1.24
Asansol,35.82,overcast clouds,36,3.58
Purnia,36.08,overcast clouds,45,3.77
Puri,32.84,few clouds,77,8.21
Pudukkottai,33.9,overcast clouds,59,1.03
Porbandar,28.3,overcast clouds,85,3.07
Pimpri,30.51,broken clouds,59,5.71
Pathankot,44.28,clear sky,12,3.48
Parbhani,33.26,overcast clouds,49,3.51
Panvel,30.01,broken clouds,78,4.44
Palwal,42.21,scattered clouds,26,3.54
Palakkad,25.68,overcast clouds,88,5.43
Ongole,34.54,overcast clouds,46,3.17
Nowrangapur,32.36,broken clouds,48,3.07
Narela,34.06,scattered clouds,22,5.42
Nalgonda,32.69,overcast clouds,51,4.01
Najafgarh,34.09,haze,52,3.09
Morena,38.82,broken clouds,35,2.85
Moga,45.87,clear sky,12,2.24
Mau,39.53,overcast clouds,32,2.06
Mathura,41.84,moderate rain,27,3.96
Mandya,26.49,overcast clouds,62,6.96
Mandsaur,29.38,broken clouds,67,0.66
Malappuram,27.2,broken clouds,83,2.57
Madanapalle,28.88,broken clouds,50,7.41
Latur,32.69,scattered clouds,42,4.48
Lalitpur,37.78,broken clouds,36,2.48
Kurnool,32.85,overcast clouds,45,7.46
Kumbakonam,31.15,overcast clouds,59,5.35
Kukatpally,30.82,scattered clouds,55,2.57
Krishnanagar,36.15,overcast clouds,45,6.19
Kishangarh,34.85,broken clouds,39,4.33
Kharagpur,35.28,broken clouds,52,6.98
Khandwa,33.66,moderate rain,52,1.59
Khammam,33.37,broken clouds,52,4.75
Kashipur,39.97,broken clouds,30,0.6
Karur,29.18,overcast clouds,61,9.84
Kannauj,41.18,moderate rain,28,1.08
Kanchipuram,34.66,overcast clouds,33,8.1
Kalyān,29.95,light rain,68,3.69
Kaithal,42.77,broken clouds,21,6.27
Jaunpur,28.99,very heavy rain,31,2.21
Jamnagar,27.54,overcast clouds,84,3.72
Itanagar,27.49,overcast clouds,95,0.87
Ichalkaranji,25.17,broken clouds,83,7.05
Hubballi,24.06,overcast clouds,76,9.69
Hosapete,27.23,overcast clouds,66,11.21
Hisar,42.98,broken clouds,18,1.16
Haridwar,33.65,broken clouds,38,2.57
Haldwani,28.64,light rain,31,1.17
Gwalior,39.33,broken clouds,32,2.01
Gurugram,34.01,haze,52,3.09
Guntur,33.75,broken clouds,61,3.75
Guntakal,30.25,overcast clouds,50,10.4
Gondiā,31.11,broken clouds,64,5.19
Godhra,34.64,broken clouds,51,5.25
Ghaziabad,34.08,broken clouds,33,4.61
Gangtok,24.09,broken clouds,92,0.85
Durg,35.05,overcast clouds,52,3.95
Dombivali,29.97,light rain,67,4.12
Dispur,31.96,overcast clouds,88,1.06
Dindigul,30.51,overcast clouds,59,1.75
Dibrugarh,29.03,mist,84,1.03
Dewas,32.12,broken clouds,56,3.56
Deoria,38.63,overcast clouds,35,2.29
Darjeeling,20.46,overcast clouds,93,1.27
Darbhanga,37.46,overcast clouds,38,2.96
Damoh,36.88,broken clouds,38,4.99
Daman,29.23,overcast clouds,78,3.26
Cuddalore,32.07,overcast clouds,59,6.42
Chitradurga,25.49,overcast clouds,64,10.77
Chāpra,38.95,broken clouds,31,2.94
Chandrapur,33.86,overcast clouds,54,3.75
Chandannagar,32.93,overcast clouds,51,6.86
Kannur,27.73,broken clouds,82,4.53
Wardha,32.75,overcast clouds,56,3.03
Vizianagaram,32.76,overcast clouds,58,6.01
Vidisha,36.66,scattered clouds,39,2.76
Vellore,34.22,overcast clouds,40,7.97
Ulhasnagar,30.0,overcast clouds,68,3.8
Udaipur,35.62,haze,46,0.0
Ootacamund,15.16,overcast clouds,82,2.61
Tirupati,28.66,light intensity drizzle,94,3.09
Thanjavur,30.95,overcast clouds,74,5.03
Arrah,38.93,broken clouds,32,3.45
Anantapur,29.96,overcast clouds,53,12.1
Akola,33.84,broken clouds,53,1.25
Ahmednagar,30.23,broken clouds,59,5.27
Achalpur,34.04,broken clouds,47,2.45
Abohar,44.17,clear sky,13,2.68
Noida,34.16,scattered clouds,30,5.73
Thoothukudi,33.18,scattered clouds,52,7.72
Ramagundam,33.38,overcast clouds,55,1.97
Yelahanka,27.57,scattered clouds,60,8.23
Yavatmal,32.39,overcast clouds,53,2.61
Maheshtala,32.99,broken clouds,53,6.82
Siwān,39.19,broken clouds,34,2.33
Sirsa,44.42,scattered clouds,13,1.99
Sīkar,36.82,moderate rain,32,5.23
Shyamnagar,32.95,overcast clouds,51,6.92
Serampore,32.96,haze,75,5.14
Shivpuri,37.38,broken clouds,35,1.58
Shahjahanpur,41.52,broken clouds,27,1.5
Shahdol,33.68,overcast clouds,48,2.11
Seoni,31.24,broken clouds,58,4.32
Sawai Madhopur,33.4,broken clouds,52,3.6
Satna,37.85,broken clouds,35,2.2
Satara,24.87,scattered clouds,82,4.36
Sangli,26.15,broken clouds,79,7.95
Sambhal,42.23,moderate rain,24,2.96
Sahāranpur,39.27,broken clouds,31,6.59
Saugor,35.72,broken clouds,40,4.02
Robertsonpet,26.5,overcast clouds,56,7.57
Rishra,32.96,haze,75,5.14
Rewāri,42.54,broken clouds,23,2.89
Ratnagiri,28.51,overcast clouds,77,4.27
Ratlām,32.48,overcast clouds,54,3.06
Raniganj,35.94,haze,49,4.12
Rāmpur,41.27,light rain,27,0.68
Rāmgundam,33.27,overcast clouds,56,1.91
Ramanathapuram,32.54,overcast clouds,53,10.06
Rajapalayam,29.31,overcast clouds,61,3.67
Rāiganj,36.85,overcast clouds,44,2.57
Raebareli,40.56,scattered clouds,31,2.79
Borivali,30.88,mist,74,4.63
Bokaro,37.87,overcast clouds,35,3.84
Bodh Gaya,35.94,haze,49,4.12
Bilimora,31.94,overcast clouds,71,3.5
Bilāspur,35.16,overcast clouds,43,1.7
Bijnor,35.35,broken clouds,43,6.43
Bhusawal,34.51,broken clouds,51,2.25
Bhind,41.12,scattered clouds,29,2.62
Bhīmavaram,30.0,broken clouds,70,5.17
Bhilwara,35.98,broken clouds,37,3.17
Bhayandar,30.97,overcast clouds,74,4.57
Bhātpāra,32.94,overcast clouds,51,6.81
Bharūch,33.53,light rain,57,4.31
Bhāgalpur,38.12,overcast clouds,37,3.87
Bhadreswar,32.95,overcast clouds,52,6.94
Bhadravati,24.4,overcast clouds,79,6.86
Bhadohi,28.95,heavy intensity rain,31,2.29
Beypore,27.56,broken clouds,83,2.57
Beāwar,35.9,overcast clouds,36,1.09
Batāla,42.81,clear sky,11,3.24
Basti,41.35,light rain,29,2.01
Barshi,33.06,scattered clouds,44,4.78
Barnāla,44.7,scattered clouds,13,3.58
Bargarh,36.41,overcast clouds,40,2.96
Bardhaman,35.39,broken clouds,49,8.2
Bārāsat,32.96,haze,75,5.14
Baranagar,32.97,haze,75,5.14
Bārākpur,32.95,haze,75,5.14
Bānsbāria,32.92,overcast clouds,50,6.45
Bangaon,34.87,overcast clouds,50,5.75
Bānda,41.07,clear sky,28,3.15
Bālurghāt,35.1,overcast clouds,50,4.53
Bāli,32.99,haze,75,5.14
Baidyabati,32.95,haze,75,5.14
Bahraich,39.83,broken clouds,30,5.99
Bahadurgarh,34.08,scattered clouds,20,3.76
Bagalkot,28.7,overcast clouds,62,9.83
Bagaha,39.4,broken clouds,34,3.27
Badlapur,29.88,overcast clouds,75,3.37
Azamgarh,39.85,broken clouds,33,3.37
Avadi,35.19,scattered clouds,58,5.14
Auraiya,41.63,moderate rain,27,3.72
Ashoknagar,33.66,broken clouds,48,3.83
Puruliya,35.93,overcast clouds,40,1.33
Proddatūr,34.83,overcast clouds,42,9.85
Ponnāni,27.62,overcast clouds,84,4.56
Pollachi,27.7,overcast clouds,77,7.21
Pīlibhīt,41.17,broken clouds,27,3.91
Phagwāra,45.33,few clouds,12,4.6
Patiāla,45.02,scattered clouds,15,1.62
Pātan,29.1,overcast clouds,71,7.15
Paradip,31.49,broken clouds,68,8.56
Panipat,42.02,broken clouds,22,3.91
Pānihāti,32.97,haze,75,5.14
Pandharpur,30.92,broken clouds,57,7.01
Palani,28.97,overcast clouds,64,4.65
Pallāvaram,34.8,scattered clouds,59,5.14
Pāli,35.81,overcast clouds,35,0.58
Pālanpur,25.81,overcast clouds,83,4.1
Dharashiv,31.68,scattered clouds,48,5.42
Orai,41.22,broken clouds,29,3.16
North Lakhimpur,30.03,mist,79,1.54
Nizāmābād,32.14,broken clouds,53,3.7
Neyveli,33.46,overcast clouds,47,4.15
Nabadwip,36.25,overcast clouds,44,6.02
Narasaraopet,33.99,broken clouds,48,5.81
Nāngloi Jāt,34.06,haze,52,3.09
Nandyāl,32.76,overcast clouds,46,6.69
Naihāti,32.94,overcast clouds,50,6.71
Nagercoil,26.74,overcast clouds,82,5.95
Nagda,34.32,broken clouds,49,4.49
Nagapattinam,29.65,overcast clouds,69,5.39
Nadiād,34.09,overcast clouds,50,3.7
Muzaffarpur,39.84,broken clouds,32,1.81
Muzaffarnagar,34.4,overcast clouds,44,4.94
Mussoorie,23.93,overcast clouds,51,1.33
Murwāra,35.17,broken clouds,44,3.49
Munnar,16.52,overcast clouds,99,2.99
Munger,39.45,overcast clouds,34,4.13
Mothīhāri,40.33,broken clouds,31,2.15
Mirzāpur,28.95,light rain,33,3.26
Miryalaguda,32.6,broken clouds,54,3.51
Mettupalayam,27.47,overcast clouds,65,2.81
Medinīpur,35.57,broken clouds,50,6.93
Medak,31.33,broken clouds,55,2.67
Mayiladuthurai,30.73,overcast clouds,57,6.43
Mormugao,28.81,broken clouds,79,5.66
Manjeri,27.32,broken clouds,83,2.57
Malegaon,30.19,moderate rain,66,1.22
Madhyamgram,32.97,haze,75,5.14
Machilipatnam,33.86,broken clouds,64,2.34
Lunglei,22.4,light rain,99,0.39
Loni,34.11,scattered clouds,27,6.39
Leh,16.32,overcast clouds,29,2.29
Lakhīmpur,39.84,overcast clouds,30,3.43
Kulti,35.58,overcast clouds,38,2.9
Krishnagiri,32.63,broken clouds,45,7.29
Kovilpatti,29.78,overcast clouds,61,8.43
Kottayam,27.7,light rain,82,2.23
Korba,34.32,overcast clouds,47,2.49
Koppal,26.81,overcast clouds,67,10.54
Kolhāpur,24.45,broken clouds,89,5.59
Kolār,27.39,broken clouds,54,8.1
Khurja,40.52,light rain,29,2.42
Khanna,42.58,broken clouds,18,0.81
Kavaratti,27.74,overcast clouds,84,9.97
Karwar,26.96,overcast clouds,88,5.59
Karol Bāgh,33.97,haze,52,3.09
Karīmnagar,32.16,overcast clouds,57,2.47
Kargil,22.02,overcast clouds,31,2.0
Karauli,39.95,scattered clouds,31,4.29
Karaikudi,32.77,overcast clouds,52,3.23
Kapurthala Town,45.6,clear sky,11,2.72
Kāmārhāti,32.99,haze,75,5.14
Kākināda,36.22,broken clouds,72,3.25
Kanchrapara,32.95,overcast clouds,50,6.45
Jūnāgadh,29.2,overcast clouds,77,3.3
Jīnd,41.14,broken clouds,24,5.97
Jhunjhunūn,41.79,overcast clouds,21,3.02
Jharsuguda,36.01,broken clouds,52,3.09
Jhānsi,34.99,overcast clouds,45,2.04
Jetpur,27.89,overcast clouds,70,6.71
Jaynagar Majilpur,32.87,scattered clouds,57,6.96
Jamuria,35.73,overcast clouds,34,2.69
Jamālpur,39.01,overcast clouds,35,4.22
Jālna,32.14,overcast clouds,54,4.51
Jaisalmer,44.1,clear sky,13,2.97
Jagdalpur,31.07,overcast clouds,57,2.16
Jagādhri,37.37,overcast clouds,35,4.8
Itārsi,34.45,overcast clouds,49,2.73
Ingrāj Bāzār,37.67,overcast clouds,39,2.64
Hugli,32.94,overcast clouds,50,6.71
Hosūr,28.38,broken clouds,62,7.1
Narmadapuram,35.2,overcast clouds,47,2.26
Hingoli,32.76,broken clouds,51,4.75
Hindupur,27.95,overcast clouds,56,6.53
Hindaun,40.97,broken clouds,28,1.87
Hazaribagh,33.05,overcast clouds,44,3.78
Hāthras,41.62,scattered clouds,27,1.22
Hassan,22.41,overcast clouds,85,7.67
Harihar,23.82,overcast clouds,77,7.78
Hardoī,41.32,moderate rain,27,2.08
Hanumāngarh,44.85,clear sky,12,2.47
Hālīsahar,32.92,overcast clouds,50,6.59
Hājīpur,38.97,haze,53,2.57
Hābra,32.95,overcast clouds,50,6.81
Gyānpur,28.95,light rain,31,3.04
Guna,35.53,broken clouds,41,5.21
Gudivāda,36.07,broken clouds,56,3.6
Gosāba,32.65,broken clouds,57,6.62
Gorakhpur,44.28,scattered clouds,15,3.5
Gondal,27.95,overcast clouds,69,5.74
Gondā City,40.04,overcast clouds,31,4.05
Ghazīpur,39.15,overcast clouds,33,2.43
Gaya,35.97,haze,49,4.12
Gangavati,28.77,overcast clouds,61,10.93
Gangāpur,36.94,broken clouds,39,5.89
Gāndhīdhām,26.8,overcast clouds,77,7.64
Firozpur,44.72,few clouds,13,6.36
Firozabad,39.02,broken clouds,33,1.38
Fatehpur,39.97,broken clouds,31,0.2
Farrukhābād,40.47,moderate rain,29,5.66
Faizabad,40.37,broken clouds,30,0.9
Etāwah,41.99,heavy intensity rain,27,4.19
Eluru,36.03,broken clouds,63,4.17
Dumka,38.62,overcast clouds,34,1.78
Diu,31.86,overcast clouds,64,3.29
Dimāpur,28.52,moderate rain,89,0.36
Dhule,32.76,broken clouds,57,3.53
Dhaulpur,39.3,broken clouds,33,2.63
Dharmavaram,28.41,overcast clouds,58,12.42
Dharmapuri,32.82,broken clouds,50,6.59
Deoghar,37.24,overcast clouds,36,3.16
Dehri,39.63,broken clouds,31,2.36
Davangere,23.97,overcast clouds,73,7.76
Dausa,38.93,broken clouds,32,2.33
Dinapore,38.95,haze,53,2.57
Medininagar,37.22,overcast clouds,36,3.32
Kadapa,35.01,broken clouds,41,7.2
Chūru,42.28,overcast clouds,18,2.46
Chittorgarh,36.2,light rain,37,1.51
Chikkamagaluru,20.98,overcast clouds,92,4.41
Chidambaram,31.49,overcast clouds,56,7.2
Chhindwāra,30.35,broken clouds,62,3.68
Cherrapunjee,20.22,moderate rain,95,0.79
Chas,37.7,overcast clouds,36,4.53
Chanduasi,42.26,moderate rain,25,1.98
Yamunanagar,38.17,overcast clouds,33,5.1
Virār,30.95,overcast clouds,75,4.6
Vejalpur,34.22,broken clouds,53,4.68
Vasco,28.93,broken clouds,79,5.66
Vaniyambadi,32.17,broken clouds,45,7.52
Uppal Kalan,31.25,scattered clouds,55,2.57
Unnāo,30.95,broken clouds,26,2.45
Udupi,27.45,broken clouds,87,5.49
Udhampur,39.64,few clouds,15,3.97
Udgīr,32.46,scattered clouds,43,4.16
Tumakuru,24.89,overcast clouds,67,7.47
Thrissur,25.99,overcast clouds,89,1.93
Tonk,39.12,scattered clouds,33,1.18
Titagarh,32.97,haze,75,5.14
Tiruvottiyūr,35.48,broken clouds,55,6.23
Tiruvannamalai,35.23,overcast clouds,36,7.5
Thiruvarur,31.26,overcast clouds,62,4.49
Thānesar,44.1,overcast clouds,18,3.76
Tezpur,29.56,overcast clouds,83,1.47
Theni,27.72,overcast clouds,71,6.07
Thalassery,27.62,broken clouds,81,3.51
Tambaram,34.76,scattered clouds,59,5.14
Tādepallegūdem,36.15,broken clouds,67,4.45
Surendranagar,30.83,overcast clouds,64,4.51
Sultānpur,40.52,overcast clouds,30,1.99
Sūjāngarh,37.61,overcast clouds,30,7.69
Srikakulam,30.84,overcast clouds,67,6.58
Rajpur Sonarpur,32.98,scattered clouds,53,7.03
Arāria,35.94,overcast clouds,50,3.64
Anantnag,30.34,clear sky,28,2.35
Anand,33.99,overcast clouds,54,4.36
Amroha,40.53,broken clouds,29,4.7
Amreli,31.12,overcast clouds,64,5.91
Amravati,34.41,broken clouds,48,2.36
Ambur,32.74,broken clouds,43,7.31
Ambattur,35.36,scattered clouds,57,5.14
Ambāla,44.63,broken clouds,16,1.01
Ambarnath,29.78,overcast clouds,70,3.62
Amalner,34.03,broken clouds,50,3.62
Alappuzha,27.78,moderate rain,81,5.95
Akot,33.66,broken clouds,51,2.44
Adoni,29.34,overcast clouds,53,9.52
Adilabad,34.03,broken clouds,51,2.93
Mohali,41.97,scattered clouds,20,1.32
Singrauli,35.27,broken clouds,40,3.66
Jaigaon,29.27,overcast clouds,90,0.52
Lal Bahadur Nagar,31.17,scattered clouds,55,4.63
Malkajgiri,31.0,scattered clouds,55,2.57
Gajuwaka,33.07,haze,70,5.14
Quthbullapur,30.9,scattered clouds,55,2.57
Serilingampalle,30.85,scattered clouds,55,2.57
Ashoknagar Kalyangarh,32.95,overcast clouds,50,6.68
Greater Noida,34.12,overcast clouds,32,1.11
Panchkula,39.19,scattered clouds,26,4.02
Rohini,34.08,haze,52,3.09
Gadag-Betageri,25.59,overcast clouds,67,10.96
Komarapalayam,30.51,broken clouds,58,6.29
Deoli,33.94,haze,52,3.09
Phusro,37.04,overcast clouds,38,3.01
Kilakarai,31.47,overcast clouds,59,9.77
Bankra,32.99,haze,75,5.14
Contai,31.13,overcast clouds,71,7.32
Haldia,32.01,broken clouds,64,7.26
Sivaganga,30.23,overcast clouds,49,6.14
Siuri,36.06,overcast clouds,33,0.94
Sītāpur,40.86,light rain,28,1.46
Sītāmarhi,39.15,broken clouds,35,3.35
Sirsi,22.12,overcast clouds,97,4.59
Sirohi,30.58,overcast clouds,58,5.29
Sindhnūr,30.64,overcast clouds,53,8.48
Simdega,33.58,overcast clouds,46,3.65
Silvassa,30.34,overcast clouds,72,3.38
Sillod,29.5,heavy intensity rain,67,2.36
Sikandrabad,39.6,overcast clouds,31,0.91
Sihor,32.51,overcast clouds,59,5.94
Sidhi,37.11,overcast clouds,37,3.18
Siddipet,31.5,overcast clouds,53,2.23
Siddhapur,27.56,broken clouds,74,6.85
Sibsāgar,30.98,overcast clouds,76,1.33
Shirpur,34.14,broken clouds,50,2.47
Shirdi,31.73,broken clouds,56,3.11
Shikohabad,38.99,overcast clouds,34,2.38
Sherkot,40.99,broken clouds,27,1.25
Sheopur,34.15,moderate rain,51,5.56
Shegaon,34.18,moderate rain,51,2.48
Shāntipur,36.14,overcast clouds,45,5.33
Shamli,40.94,overcast clouds,28,5.56
Shājāpur,34.32,broken clouds,46,1.5
Shāhābād,41.13,moderate rain,28,6.38
Shāhābād,32.47,broken clouds,45,5.52
Sendhwa,31.17,broken clouds,57,1.99
Sehore,31.81,overcast clouds,49,1.19
Sattenapalle,33.26,broken clouds,53,3.31
Sangrur,44.99,scattered clouds,13,3.45
Sangāreddi,31.15,broken clouds,59,6.52
Sangamner,29.75,broken clouds,66,3.12
Sandīla,41.23,heavy intensity rain,27,4.31
Samāstipur,39.28,broken clouds,34,4.08
Sālūr,33.7,overcast clouds,55,2.41
Sāhibganj,37.87,overcast clouds,39,1.37
Sahaswān,43.13,broken clouds,23,0.75
Sagauli,40.38,broken clouds,32,2.74
Sadasivpet,29.47,broken clouds,58,6.47
Roha,28.48,overcast clouds,81,2.82
Robertsganj,36.59,moderate rain,37,1.85
Rishikesh,33.19,haze,58,3.09
Repalle,33.87,scattered clouds,63,5.61
Renukoot,36.02,light rain,39,3.51
Renigunta,28.97,light intensity drizzle,94,3.09
Rayachoti,32.83,overcast clouds,42,7.45
Raxaul,39.77,broken clouds,34,2.65
Rāth,40.87,scattered clouds,28,3.05
Rasipuram,31.46,overcast clouds,64,5.42
Ranipet,35.14,overcast clouds,37,8.17
Rānībennur,23.32,overcast clouds,82,8.38
Rānāghāt,35.95,overcast clouds,46,5.34
Rameswaram,28.82,overcast clouds,84,12.74
Closepet,28.38,overcast clouds,61,6.26
Rājsamand,35.57,overcast clouds,35,3.18
Rajpura,45.15,scattered clouds,14,2.95
Rāj-Nāndgaon,33.34,overcast clouds,53,4.68
Rājgarh,42.52,broken clouds,19,3.03
Rajaori,36.16,scattered clouds,20,3.64
Rāichūr,32.36,overcast clouds,46,6.6
Puttūr,27.01,overcast clouds,88,2.34
Burhānpur,32.03,broken clouds,62,1.04
Būndi,39.22,scattered clouds,32,2.95
Budhāna,38.6,light rain,33,5.51
Brajarajnagar,36.05,broken clouds,52,3.09
Botad,31.56,overcast clouds,65,5.66
Borsad,34.01,overcast clouds,57,3.9
Bolpur,36.21,broken clouds,38,5.13
Bodinayakkanur,26.16,overcast clouds,83,4.26
Bodhan,33.1,broken clouds,48,3.96
Bobbili,33.73,overcast clouds,53,4.58
Biswān,42.22,broken clouds,26,1.34
Bishnupur,38.13,broken clouds,38,5.67
Bisalpur,39.74,overcast clouds,30,2.92
Etāwa,37.5,broken clouds,36,2.06
Bihār Sharīf,39.68,broken clouds,32,3.56
Bhiwāni,41.09,overcast clouds,23,4.87
Bhawānipatna,34.65,broken clouds,46,1.8
Bhātāpāra,34.87,broken clouds,45,3.86
Bhandāra,32.01,scattered clouds,61,5.6
Bhadrak,37.1,overcast clouds,42,4.57
Betūl,29.11,overcast clouds,67,1.6
Bela,40.36,broken clouds,31,3.96
Basoda,36.51,broken clouds,39,1.17
Basmat,34.93,overcast clouds,48,1.77
Bāruni,38.25,overcast clouds,36,2.22
Baruipur,32.97,scattered clouds,54,7.06
Bāri,39.31,scattered clouds,33,2.63
Bārdoli,31.84,overcast clouds,63,3.48
Baraut,41.34,broken clouds,27,5.75
Bārān,36.22,scattered clouds,44,4.7
Bārāmati,30.19,broken clouds,59,7.77
Bāpatla,33.86,overcast clouds,65,1.67
Bānswāra,36.99,light rain,40,2.38
Bānkura,35.97,overcast clouds,34,1.83
Bangaon,38.53,overcast clouds,37,2.42
Balrāmpur,39.65,broken clouds,31,7.29
Balotra,37.77,overcast clouds,31,3.31
Ballarpur,32.65,broken clouds,60,3.77
Balāngīr,35.7,overcast clouds,43,2.37
Bālāghāt,33.01,overcast clouds,56,2.8
Budge Budge,32.98,broken clouds,55,6.88
Baheri,30.28,broken clouds,23,2.28
Bagaha,35.71,overcast clouds,34,4.66
Vatakara,27.65,broken clouds,81,4.17
Aurangābād,38.98,overcast clouds,32,1.52
Attur,32.31,overcast clouds,53,2.69
Attingal,25.82,overcast clouds,86,4.82
Attili,31.11,broken clouds,66,4.86
Athani,28.32,broken clouds,65,9.05
Pushkar,34.82,overcast clouds,38,0.09
Pusad,33.46,broken clouds,51,4.26
Puliyankudi,26.67,overcast clouds,80,5.37
Pithāpuram,36.14,broken clouds,73,2.5
Pilkhuwa,38.02,overcast clouds,35,2.34
Phaltan,29.83,broken clouds,60,7.01
Petlād,34.03,overcast clouds,56,4.5
Perambalur,32.17,overcast clouds,51,7.2
Pauri,27.65,broken clouds,55,3.67
Pattukkottai,31.18,overcast clouds,58,2.11
Parli,33.29,broken clouds,47,2.25
Paramagudi,33.91,overcast clouds,44,7.27
Panruti,34.5,overcast clouds,45,4.51
Pālitāna,32.64,overcast clouds,60,5.41
Palāsa,31.78,broken clouds,62,4.94
Pālakollu,31.43,broken clouds,64,4.12
Paithan,30.85,overcast clouds,53,2.18
Padrauna,39.88,broken clouds,32,1.64
Ottapalam,25.67,overcast clouds,91,1.84
Ozar,28.53,light rain,71,5.67
Obra,37.84,moderate rain,36,2.68
Nūzvīd,35.42,broken clouds,57,3.46
Nokha,41.81,broken clouds,21,6.61
Nirmal,32.45,broken clouds,54,2.24
Nipāni,24.61,broken clouds,85,7.21
Nīmbāhera,35.1,broken clouds,41,1.75
Neyyāttinkara,25.87,overcast clouds,87,5.13
Nedumangād,25.66,drizzle,89,4.12
Nawanshahr,44.84,few clouds,15,4.03
Nawalgarh,39.53,broken clouds,27,5.74
Nawāda,38.74,overcast clouds,34,4.9
Nawābganj,31.0,scattered clouds,26,2.95
Navsari,31.94,overcast clouds,70,3.78
Naugachhia,37.57,overcast clouds,39,3.21
Nasīrābād,34.56,moderate rain,42,2.74
Narwāna,43.93,broken clouds,18,5.84
Narnaul,40.24,overcast clouds,26,3.22
Narasapuram,30.76,scattered clouds,70,4.92
Nandurbar,34.07,broken clouds,50,2.4
Namakkal,28.89,overcast clouds,64,7.13
Nakodar,45.5,clear sky,11,1.33
Najībābād,32.57,light rain,53,3.19
Nagīna,37.47,broken clouds,38,6.36
Nāgaur,39.84,broken clouds,24,5.87
Nābha,45.23,scattered clouds,15,2.08
Muradnagar,34.05,overcast clouds,33,4.58
Muktsar,44.7,clear sky,13,5.08
Mughal Sarāi,29.0,light rain,32,2.79
Mudhol,28.1,overcast clouds,65,10.21
Mubarakpur,39.71,broken clouds,33,3.35
Morvi,26.9,overcast clouds,84,3.52
Morādābād,41.38,light rain,26,1.94
Mokameh,38.35,overcast clouds,36,0.63
Mettur,31.64,broken clouds,59,2.46
Mawana,38.75,broken clouds,33,0.61
Masaurhi Buzurg,38.94,broken clouds,33,0.68
Mārkāpur,34.35,broken clouds,44,6.0
Mānsa,44.86,clear sky,13,3.03
Mannargudi,31.21,overcast clouds,60,3.59
Manmād,30.21,moderate rain,63,4.11
Māngrol,28.7,light rain,81,5.86
Mangalagiri,35.96,broken clouds,64,4.71
Mandi,34.1,scattered clouds,25,5.41
Mancherial,33.01,overcast clouds,58,1.89
Mahabalipuram,34.93,overcast clouds,57,8.05
Malkāpur,34.12,moderate rain,51,0.81
Makrāna,36.0,broken clouds,35,2.12
Mainpuri,42.38,moderate rain,24,2.0
Mahoba,40.06,few clouds,31,3.9
Mahbūbnagar,30.54,overcast clouds,51,5.5
Mahāsamund,35.07,overcast clouds,54,3.03
Madhupur,36.82,overcast clouds,38,2.97
Madhubani,38.35,moderate rain,37,3.32
Madgaon,28.83,broken clouds,79,5.66
Mācherla,31.25,overcast clouds,61,0.86
Luckeesarai,39.67,overcast clouds,33,2.23
Lonavla,30.18,overcast clouds,89,2.37
Lāharpur,40.71,broken clouds,29,2.55
Kunnamkulam,26.9,overcast clouds,85,3.77
Kumta,29.86,overcast clouds,92,5.13
Kottagūdem,31.96,broken clouds,64,2.06
Kotagiri,17.23,overcast clouds,68,1.49
Koratla,32.01,broken clouds,56,2.7
Kopargaon,31.66,broken clouds,56,4.33
Konnagar,32.98,haze,75,5.14
Konch,40.93,scattered clouds,29,2.3
Kollegāl,27.4,broken clouds,61,7.53
Kodungallūr,25.97,overcast clouds,84,3.5
Koch Bihār,31.61,overcast clouds,75,0.92
Kishanganj,34.89,overcast clouds,55,2.12
Kīratpur,31.44,overcast clouds,56,4.8
Khopoli,27.83,overcast clouds,86,2.52
Khatauli,35.94,broken clouds,39,5.24
Khargone,34.1,moderate rain,50,3.52
Khardaha,32.99,haze,75,5.14
Khāmgaon,33.68,broken clouds,52,2.3
Khambhāt,32.55,overcast clouds,63,4.32
Khajuraho,38.45,broken clouds,34,3.61
Khair,40.5,light rain,30,1.3
Khagaul,38.95,haze,53,2.57
Khadki,30.58,broken clouds,59,6.22
Keshod,29.23,overcast clouds,77,4.86
Kayamkulam,27.76,overcast clouds,83,4.46
Kāvali,35.56,overcast clouds,39,5.51
Kātrās,38.32,overcast clouds,34,1.46
Kātoya,37.16,broken clouds,41,6.66
Katihar,36.14,overcast clouds,44,2.04
Kathua,44.42,clear sky,12,4.31
Kasganj,41.83,broken clouds,27,4.56
Kāsaragod,27.98,overcast clouds,84,5.27
Karnāl,41.87,overcast clouds,25,5.0
Karjat,28.81,overcast clouds,80,2.57
Karīmganj,28.98,overcast clouds,88,1.35
Kāranja,32.3,overcast clouds,56,1.08
Kāramadai,27.21,overcast clouds,66,4.15
Kāraikāl,29.76,overcast clouds,64,5.98
Karad,27.18,broken clouds,70,5.98
Kandukūr,36.01,overcast clouds,37,4.9
Kāndi,37.37,overcast clouds,39,6.57
Kāmthi,34.17,broken clouds,49,4.51
Cumbum,24.38,overcast clouds,88,3.93
Kalyani,32.94,broken clouds,49,6.19
Kalpatta,21.61,overcast clouds,95,2.0
Kālna,35.9,broken clouds,46,5.37
Kālka,34.16,broken clouds,33,3.52
Kāliyāganj,35.34,overcast clouds,50,3.1
Kairana,41.51,overcast clouds,26,4.22
Kadiri,30.08,broken clouds,50,9.6
Kadi,33.92,overcast clouds,60,4.71
Kadayanallur,25.8,overcast clouds,85,5.59
Junnar,27.11,broken clouds,78,4.47
Jhumri Telaiya,34.73,overcast clouds,41,0.3
Jorhāt,30.71,overcast clouds,77,1.24
Jharia,38.41,overcast clouds,34,2.21
Jhālāwār,37.8,scattered clouds,37,2.35
Jhajjar,34.06,moderate rain,23,2.9
Jeypore,31.3,light rain,54,2.2
Jainagar,38.41,heavy intensity rain,37,3.1
Jatani,32.72,haze,72,4.12
Jaora,31.81,broken clouds,57,2.95
Jānjgīr,34.76,overcast clouds,45,2.48
Jamūī,38.18,overcast clouds,36,4.02
Jamkhandi,28.75,broken clouds,62,8.91
Jalpāiguri,31.78,overcast clouds,73,1.5
Jālaun,41.59,broken clouds,27,2.73
Jagtiāl,31.74,overcast clouds,59,2.72
Jagraon,45.39,clear sky,12,2.31
Jagdīshpur,30.98,scattered clouds,24,3.08
Islāmpur,32.45,heavy intensity rain,66,3.06
Ilkal,28.16,overcast clouds,62,10.31
Igatpuri,25.1,overcast clouds,86,3.15
Idappadi,31.61,overcast clouds,58,3.83
Hoshiārpur,44.95,few clouds,12,5.48
Hiriyūr,26.23,overcast clouds,68,10.15
Hinganghāt,32.98,overcast clouds,59,2.1
Hāveri,23.09,overcast clouds,88,7.4
Hasanpur,39.02,overcast clouds,33,3.56
Harda,35.43,broken clouds,45,1.05
Hāpur,39.05,overcast clouds,33,1.76
Hānsi,43.92,broken clouds,18,2.1
Hampi,27.7,overcast clouds,63,11.23
Gūdūr,37.16,overcast clouds,30,6.64
Gudiyatham,33.01,broken clouds,42,6.96
Goyerkāta,30.54,overcast clouds,77,2.06
Gobichettipalayam,30.19,overcast clouds,60,3.79
Gopālganj,38.24,broken clouds,36,5.49
Gola Gokarannāth,40.8,overcast clouds,28,2.38
Gokarna,26.84,overcast clouds,90,6.06
Gohāna,39.87,overcast clouds,26,7.95
Gohad,40.25,broken clouds,30,2.5
Godda,38.56,overcast clouds,35,0.6
Old Goa,28.96,broken clouds,79,5.66
Goālpāra,31.49,overcast clouds,76,2.3
Giridih,36.75,overcast clouds,37,3.38
Ghātāl,35.39,overcast clouds,51,7.4
Gangoh,40.44,overcast clouds,29,6.05
Gangarampur,35.71,overcast clouds,47,2.94
Gangānagar,44.26,few clouds,14,5.31
Gajraula,39.24,overcast clouds,32,2.62
Gadhinglaj,23.62,broken clouds,87,6.36
Gadag,25.92,overcast clouds,66,11.07
Fatehpur Sikri,40.11,broken clouds,31,4.29
Fatehpur,40.28,overcast clouds,24,5.73
Fatehpur,42.36,scattered clouds,25,2.22
Fatehābād,44.61,few clouds,13,3.85
Farīdpur,42.26,broken clouds,24,4.84
Emmiganūr,31.5,overcast clouds,49,8.66
Ellora Caves,29.88,scattered clouds,62,2.38
Elamanchili,33.06,broken clouds,67,4.82
Dumraon,39.78,broken clouds,33,1.19
Dum Dum,32.99,haze,75,5.14
Doddaballapura,27.06,broken clouds,61,8.13
Deesa,26.2,broken clouds,87,2.28
Diphu,27.02,light rain,96,0.31
Deglur,34.4,broken clouds,41,3.71
Dhūri,44.54,broken clouds,14,3.92
Dhulian,38.76,broken clouds,35,2.4
Dhubri,31.96,overcast clouds,70,3.82
Dhrāngadhra,29.32,overcast clouds,71,4.01
Dhoraji,28.64,overcast clouds,71,6.67
Dholka,34.19,broken clouds,50,5.48
Dhenkānāl,35.06,overcast clouds,46,4.68
Dharamsala,28.64,broken clouds,38,3.13
Dharapuram,27.85,overcast clouds,65,10.33
Dhār,32.11,broken clouds,55,2.41
Dhamtari,32.13,overcast clouds,56,4.32
Devanahalli,27.1,scattered clouds,57,8.23
Deolāli,28.07,broken clouds,74,5.18
Deoband,32.94,overcast clouds,49,5.85
Daund,30.73,broken clouds,59,7.14
Datia,37.82,broken clouds,36,4.58
Dandeli,23.13,overcast clouds,90,4.33
Dohad,33.8,overcast clouds,51,3.78
Dadri,34.1,overcast clouds,33,1.46
Dabra,38.82,broken clouds,34,2.43
Dabhoi,33.96,overcast clouds,58,3.28
Chopda,34.39,broken clouds,50,3.72
Chīrāla,31.04,overcast clouds,64,1.57
Chiplūn,29.71,broken clouds,71,2.52
Chintamani,27.08,broken clouds,53,8.71
Chikodi,25.36,broken clouds,78,8.57
Chik Ballāpur,26.91,broken clouds,59,8.57
Chhibrāmau,41.27,moderate rain,27,4.87
Chhatarpur,38.5,broken clouds,34,3.92
Chengalpattu,34.57,overcast clouds,29,8.06
Channapatna,28.47,overcast clouds,60,6.35
Changanācheri,27.74,moderate rain,82,2.46
Chāndpur,42.1,broken clouds,25,3.46
Chanderi,36.96,broken clouds,36,2.16
Challakere,27.35,overcast clouds,56,11.49
Chalisgaon,31.4,heavy intensity rain,63,2.56
Chakradharpur,34.55,overcast clouds,48,2.79
Chāībāsa,37.45,overcast clouds,48,4.19
Buxar,40.02,broken clouds,32,1.3
Yadgir,32.47,overcast clouds,46,3.37
Wāshīm,31.51,broken clouds,56,1.82
Warud,32.74,scattered clouds,52,3.03
Wani,35.42,broken clouds,45,3.48
Vrindāvan,41.88,moderate rain,27,3.4
Visnagar,28.69,broken clouds,71,6.08
Virudunagar,30.21,overcast clouds,44,6.53
Vinukonda,32.16,overcast clouds,55,3.2
Villupuram,35.19,overcast clouds,40,3.99
Verāval,28.99,overcast clouds,80,6.23
Varkala,25.76,overcast clouds,85,5.34
Valparai,20.32,overcast clouds,95,1.94
Uran,30.01,broken clouds,82,4.55
Upleta,28.36,overcast clouds,77,5.34
Unjha,27.94,broken clouds,74,6.86
Una,31.9,overcast clouds,62,2.97
Umred,34.15,broken clouds,59,3.61
Ullal,27.5,broken clouds,89,5.14
Ujhāni,43.1,broken clouds,23,1.16
Tura,27.51,moderate rain,92,2.04
Tuni,30.93,broken clouds,68,6.52
Tūndla,40.49,broken clouds,30,2.25
Tumsar,33.07,scattered clouds,55,5.86
Tohāna,45.16,scattered clouds,14,2.04
Tiruvallur,34.84,overcast clouds,33,7.91
Tiruvalla,27.71,light rain,86,2.43
Tirur,27.54,overcast clouds,85,3.36
Tiruchengode,31.34,broken clouds,60,8.07
Tiptūr,23.34,overcast clouds,78,7.61
Tinsukia,28.91,overcast clouds,87,1.4
Tindivanam,37.24,overcast clouds,30,6.55
Tilhar,41.44,broken clouds,26,2.9
Tīkamgarh,38.43,broken clouds,34,3.75
Thenkasi,25.34,overcast clouds,89,5.08
Tehri,31.32,overcast clouds,90,2.15
Tarn Taran,42.99,few clouds,11,3.76
Tharangambadi,29.87,overcast clouds,64,6.62
Tarakeswar,34.6,broken clouds,53,7.63
Tanuku,36.18,broken clouds,65,4.83
Tandur,30.88,broken clouds,53,5.75
Tāndā,40.41,overcast clouds,30,3.38
Taliparamba,26.97,broken clouds,85,2.26
Tadpatri,32.56,overcast clouds,46,11.5
Suriāpet,32.08,broken clouds,57,4.93
Suratgarh,44.63,clear sky,12,2.42
Supaul,36.85,overcast clouds,42,1.41
Sunām,45.14,scattered clouds,13,3.35
Srivilliputhur,30.51,overcast clouds,54,4.31
Sopur,27.35,clear sky,41,3.87
Sonīpat,33.98,broken clouds,22,1.91
Aruppukkottai,30.25,overcast clouds,47,7.17
Arcot,35.14,overcast clouds,37,8.17
Arni,35.84,overcast clouds,35,7.35
Arāmbāgh,35.91,broken clouds,48,7.07
Arakkonam,33.99,overcast clouds,35,7.04
Aonla,42.38,broken clouds,24,3.23
Ankleshwar,33.23,heavy intensity rain,58,4.16
Anjār,25.71,overcast clouds,83,8.19
Anjangaon,33.87,broken clouds,48,2.32
Angul,37.12,overcast clouds,37,3.19
Anekal,27.76,broken clouds,62,6.95
Anakapalle,32.97,scattered clouds,65,5.7
Ambasamudram,27.56,overcast clouds,77,4.24
Ambajogai,32.66,scattered clouds,46,3.16
Amalāpuram,32.28,scattered clouds,60,2.26
Almora,28.9,light rain,57,1.36
Alandur,35.12,scattered clouds,57,5.14
Akbarpur,39.09,overcast clouds,33,1.23
Ābu Road,27.05,overcast clouds,81,2.53
Pūnch,35.37,scattered clouds,22,2.11
Shivaji Nagar,30.62,broken clouds,59,6.05
Pithampur,31.78,scattered clouds,58,4.12
Barbil,33.29,broken clouds,50,1.22
Airoli,30.01,haze,74,4.63
Muvattupuzha,25.78,overcast clouds,89,1.33
Perumbavoor,25.98,mist,94,0.0
Vapi,29.86,overcast clouds,74,3.23
Bellampalli,32.14,broken clouds,61,2.22
Gaddi Annaram,31.3,scattered clouds,55,4.63
Mandamarri,32.52,overcast clouds,60,1.97
Chinnachowk,35.01,broken clouds,41,7.2
Ponnur,33.87,overcast clouds,61,4.57
Palwancha,31.79,broken clouds,64,2.03
Bhawanipur,35.94,overcast clouds,49,1.71
Mulugu,32.23,overcast clouds,58,0.72
Kallakurichi,34.51,broken clouds,41,4.06
Savarkundla,31.4,light rain,61,4.2
Kanayannur,26.01,overcast clouds,81,5.06
Zunheboto,21.18,overcast clouds,97,0.41
Ziro,20.43,overcast clouds,97,1.06
Zamānia,38.75,overcast clouds,34,1.18
Zaidpur,31.03,broken clouds,28,4.74
Zahirābād,29.32,broken clouds,56,6.62
Yol,36.77,scattered clouds,28,2.88
Yeola,31.08,broken clouds,58,5.51
Yellāpur,22.31,overcast clouds,96,2.78
Yellandu,31.92,broken clouds,60,1.1
Yelbarga,26.96,overcast clouds,66,10.31
Srirāmpur,34.7,broken clouds,53,7.72
Kesabpur,32.97,broken clouds,52,7.08
Dumjor,32.97,broken clouds,53,6.8
Chakapara,32.98,haze,75,5.14
Mahiari,32.98,broken clouds,53,6.8
Pānchla,32.97,broken clouds,56,6.9
Raghudebbati,32.97,broken clouds,55,6.84
Pujali,32.97,broken clouds,56,6.94
Monoharpur,32.12,broken clouds,63,7.23
Soyībug,27.35,broken clouds,41,3.23
Singāpur,30.62,broken clouds,61,6.28
Ghatkesar,31.36,broken clouds,53,5.23
Chandūr,30.92,broken clouds,55,5.09
Chhutmalpur,33.62,broken clouds,35,5.54
Chinnasekkadu,35.49,overcast clouds,55,1.34
Porur,35.1,scattered clouds,58,5.14
Madipakkam,34.99,scattered clouds,58,5.14
Perungudi,35.05,scattered clouds,58,5.14
Madambakkam,34.74,overcast clouds,60,7.35
Vijayapura,27.15,scattered clouds,57,8.23
Adampur,45.29,clear sky,12,3.7
Sohna,34.1,few clouds,23,2.29
Sohāgpur,34.43,broken clouds,50,4.7
Soalkuchi,31.99,thunderstorm,89,1.54
Siwāna,38.48,overcast clouds,27,2.31
Sivagiri,27.88,overcast clouds,66,10.01
Sivagiri,27.71,overcast clouds,75,4.17
Sitārganj,30.13,moderate rain,25,0.18
Sītāmau,31.62,broken clouds,57,3.63
Sisauli,40.0,light rain,29,5.22
Sirūr,29.52,broken clouds,63,7.1
Sirumugai,27.75,overcast clouds,62,3.64
Sirsilla,32.24,overcast clouds,55,1.3
Sirsi,42.45,moderate rain,24,2.5
Sirsāganj,39.72,broken clouds,32,4.13
Sirsā,39.93,overcast clouds,31,2.22
Sirpur,32.06,broken clouds,63,2.45
Sironj,36.31,moderate rain,38,2.5
Sirmaur,38.7,broken clouds,32,3.07
Sīrkāzhi,31.34,overcast clouds,55,6.61
Sirāthu,40.16,broken clouds,31,1.51
Sinor,34.04,overcast clouds,57,2.65
Sinnar,28.43,broken clouds,69,4.4
Singur,32.94,overcast clouds,54,7.03
Singarāyakonda,35.15,overcast clouds,42,3.92
Sindi,34.44,overcast clouds,62,3.46
Sindgi,30.49,overcast clouds,53,7.82
Simga,35.27,broken clouds,45,4.17
Semaria,37.82,overcast clouds,34,1.9
Silao,39.72,overcast clouds,32,4.15
Sikandra Rao,41.33,broken clouds,28,2.89
Sikka,26.97,overcast clouds,93,6.7
Sijua,38.51,overcast clouds,34,1.72
Sihorā,36.62,overcast clouds,50,4.41
Sidhpura,41.34,light rain,28,4.9
Sidhaulī,41.43,moderate rain,27,3.65
Siddāpur,22.23,overcast clouds,91,5.81
Shupīyan,22.38,broken clouds,55,4.04
Shujālpur,34.65,overcast clouds,46,1.88
Shrīrangapattana,26.4,scattered clouds,69,5.66
Shrīgonda,30.5,broken clouds,59,7.94
Shorāpur,31.97,overcast clouds,45,6.43
Shōranūr,25.93,overcast clouds,91,1.43
Sholinghur,35.01,overcast clouds,37,7.73
Shīshgarh,30.34,broken clouds,24,3.37
Shirwal,27.18,broken clouds,77,5.64
Shirhatti,24.25,overcast clouds,76,9.45
Shikārpūr,39.53,broken clouds,31,1.96
